ensaio	motor	observacao	classificacao	atualizado_em
1	1		Em análise	
2	2		Reprovado	
3	3		Reprovado	
4	4		Em análise	
5	5		Aprovado	
6	6		Reprovado	
7	7		Aprovado	
8	8		Reprovado	
9	9		Em análise	
10	10		Reprovado	
11	11		Em análise	
12	12		Reprovado	
13	13		Reprovado	
14	14		Reprovado	
15	15		Reprovado	
16	16		Em análise	
17	17		Reprovado	
18	18		Em análise	
19	19		Aprovado	
20	20		Aprovado	
21	21		Aprovado	
22	22		Aprovado	
23	23		Aprovado	
24	24		Aprovado	
25	25		Aprovado	
26	26		Em análise	
27	27		Reprovado	
28	28		Reprovado	
29	29		Reprovado	
30	30		Reprovado	
31	31		Aprovado	
32	32		Reprovado	
33	33		Reprovado	
34	34		Aprovado	
35	35		Reprovado	
36	36		Reprovado	
37	37		Reprovado	
38	38		Reprovado	
39	39		Em análise	
40	40		Reprovado	
41	41		Reprovado	
42	42		Em análise	
43	43		Reprovado	
44	44		Em análise	
45	45		Reprovado	
46	46		Em análise	
47	47		Em análise	
48	48		Em análise	
49	49		Reprovado	
50	50		Reprovado	
51	51		Reprovado	
52	52		Reprovado	
